Start,End,Approve,Disapprove,Unsure
10/1/2024,10/12/2024,39,56,5
9/16/2024,9/28/2024,45,52,3
9/3/2024,9/15/2024,39,58,3
8/1/2024,8/20/2024,43,53,4
7/1/2024,7/21/2024,36,58,6
6/3/2024,6/23/2024,38,58,4
5/1/2024,5/23/2024,39,56,5
4/1/2024,4/22/2024,38,58,4
3/1/2024,3/20/2024,40,55,5
2/1/2024,2/20/2024,38,59,3
1/2/2024,1/22/2024,41,54,5
12/1/2023,12/20/2023,39,59,2
11/1/2023,11/20/2023,37,59,4
10/2/2023,10/23/2023,37,59,4
9/1/2023,9/23/2023,41,58,1
8/1/2023,8/23/2023,42,53,5
7/3/2023,7/27/2023,40,55,4
6/1/2023,6/22/2023,43,54,3
5/1/2023,5/24/2023,39,57,5
4/3/2023,4/25/2023,37,59,4
3/1/2023,3/23/2023,40,56,4
2/1/2023,2/23/2023,42,54,5
1/2/2023,1/22/2023,41,54,4
11/9/2022,12/2/2022,40,55,5
10/3/2022,10/20/2022,40,56,4
9/1/2022,9/16/2022,42,56,2
8/1/2022,8/23/2022,44,53,3
7/5/2022,7/26/2022,38,59,3
6/1/2022,6/20/2022,41,57,3
5/2/2022,5/22/2022,41,54,5
4/1/2022,4/19/2022,41,56,3
3/1/2022,3/18/2022,42,54,4
2/1/2022,2/17/2022,41,55,4
1/3/2022,1/16/2022,40,56,4
12/1/2/021,12/16/2021,43,51,6
11/1/2021,11/16/2021,42,55,3
10/1/2021,10/19/2021,42,52,6
9/1/2021,9/17/2021,43,55,2
8/2/2021,8/17/2021,49,48,3
7/6/2021,7/21/2021,50,45,5
6/1/2021,6/18/2021,56,42,2
5/3/2021,5/18/2021,54,40,6
4/1/2021,4/21/2021,57,40,3
3/1/2021,3/15/2021,54,42,4
2/3/2021,2/18/2021,56,40,4
1/21/2021,2/2/2021,57,37,6
01/04/2021,01/15/2021,34,62,4
12/01/2020,12/17/2020,39,57,4
11/05/2020,11/19/2020,43,55,2
10/16/2020,10/27/2020,46,52,2
09/30/2020,10/15/2020,43,55,2
09/14/2020,09/28/2020,46,52,2
08/31/2020,09/13/2020,42,56,2
07/30/2020,08/12/2020,42,55,3
07/01/2020,07/23/2020,41,56,3
06/08/2020,06/30/2020,38,57,5
05/28/2020,06/04/2020,39,57,4
05/01/2020,05/13/2020,49,48,3
04/14/2020,04/28/2020,49,47,4
04/01/2020,04/14/2020,43,54,3
03/13/2020,03/22/2020,49,45,6
03/02/2020,03/13/2020,44,52,4
02/17/2020,02/28/2020,47,51,2
02/03/2020,02/16/2020,49,48,3
01/16/2020,01/29/2020,49,50,1
01/02/2020,01/15/2020,44,53,3
12/02/2019,12/15/2019,45,51,4
11/01/2019,11/14/2019,43,54,3
10/14/2019,10/31/2019,41,57,2
10/01/2019,10/13/2019,39,57,4
09/16/2019,09/30/2019,40,56,4
09/03/2019,09/15/2019,43,54,3
08/15/2019,08/30/2019,39,57,4
08/01/2019,08/14/2019,41,54,5
07/15/2019,07/31/2019,42,54,4
07/01/2019,07/12/2019,44,51,5
06/19/2019,06/30/2019,41,54,5
06/03/2019,06/16/2019,43,55,2
05/15/2019,05/30/2019,40,55,5
05/01/2019,05/12/2019,42,52,6
04/17/2019,04/30/2019,46,50,4
04/01/2019,04/09/2019,45,51,4
03/01/2019,03/10/2019,39,57,4
02/12/2019,02/28/2019,43,54,3
02/01/2019,02/10/2019,44,52,4
01/21/2019,01/27/2019,37,59,4
01/02/2019,01/10/2019,37,59,4
12/17/2018,12/22/2018,39,55,6
12/10/2018,12/16/2018,38,57,5
12/03/2018,12/09/2018,40,56,4
11/26/2018,12/02/2018,40,56,4
11/19/2018,11/25/2018,38,60,2
11/12/2018,11/18/2018,43,53,4
11/05/2018,11/11/2018,38,56,6
10/29/2018,11/04/2018,40,54,6
10/22/2018,10/28/2018,40,54,6
10/15/2018,10/21/2018,44,50,6
10/08/2018,10/14/2018,44,51,5
10/01/2018,10/07/2018,43,53,4
09/24/2018,09/30/2018,42,53,5
09/17/2018,09/23/2018,40,56,4
09/10/2018,09/16/2018,38,56,6
09/03/2018,09/09/2018,40,54,6
08/27/2018,09/02/2018,41,53,6
08/20/2018,08/26/2018,41,54,5
08/13/2018,08/19/2018,42,52,6
08/06/2018,08/12/2018,39,56,5
07/30/2018,08/05/2018,41,54,5
07/23/2018,07/29/2018,40,55,5
07/16/2018,07/22/2018,42,54,4
07/09/2018,07/15/2018,43,52,5
07/02/2018,07/08/2018,41,56,3
06/25/2018,07/01/2018,42,53,5
06/18/2018,06/24/2018,41,55,4
06/11/2018,06/17/2018,45,50,5
06/04/2018,06/10/2018,42,54,4
05/28/2018,06/03/2018,41,55,4
05/21/2018,05/27/2018,40,55,5
05/14/2018,05/20/2018,42,54,4
05/07/2018,05/13/2018,43,52,5
04/30/2018,05/06/2018,42,52,6
04/23/2018,04/29/2018,42,53,5
04/16/2018,04/22/2018,39,55,6
04/09/2018,04/15/2018,39,55,6
04/02/2018,04/08/2018,41,54,5
03/26/2018,04/01/2018,39,56,5
03/19/2018,03/25/2018,39,55,6
03/12/2018,03/18/2018,40,56,4
03/05/2018,03/11/2018,39,56,5
02/26/2018,03/04/2018,39,55,6
02/19/2018,02/25/2018,39,56,5
02/12/2018,02/18/2018,37,59,4
02/05/2018,02/11/2018,40,57,3
01/29/2018,02/04/2018,40,57,3
01/21/2018,01/28/2018,38,58,4
01/15/2018,01/21/2018,36,59,5
01/08/2018,01/14/2018,38,57,5
01/01/2018,01/07/2018,37,58,5
12/25/2017,12/31/2017,39,55,6
12/18/2017,12/24/2017,37,57,6
12/11/2017,12/17/2017,35,60,5
12/04/2017,12/10/2017,36,59,5
11/27/2017,12/03/2017,35,59,6
11/20/2017,11/26/2017,37,56,7
11/13/2017,11/19/2017,38,57,5
11/06/2017,11/12/2017,38,56,6
10/30/2017,11/05/2017,38,58,4
10/23/2017,10/29/2017,35,60,5
10/16/2017,10/22/2017,36,58,6
10/09/2017,10/15/2017,37,57,6
10/02/2017,10/08/2017,38,56,6
09/25/2017,10/01/2017,37,58,5
09/18/2017,09/24/2017,38,55,7
09/11/2017,09/17/2017,38,57,5
09/04/2017,09/10/2017,37,57,6
08/28/2017,09/03/2017,36,59,5
08/21/2017,08/27/2017,35,60,5
08/14/2017,08/20/2017,37,58,5
08/07/2017,08/13/2017,36,58,6
07/31/2017,08/06/2017,37,58,5
07/24/2017,07/30/2017,38,57,5
07/17/2017,07/23/2017,37,58,5
07/10/2017,07/16/2017,39,56,5
07/03/2017,07/09/2017,38,57,5
06/26/2017,07/02/2017,39,56,5
06/19/2017,06/25/2017,39,56,5
06/12/2017,06/18/2017,38,57,5
06/05/2017,06/11/2017,37,58,5
05/29/2017,06/04/2017,38,56,6
05/22/2017,05/28/2017,41,54,5
05/15/2017,05/21/2017,38,56,6
05/08/2017,05/14/2017,38,56,6
05/01/2017,05/07/2017,42,53,5
04/24/2017,04/30/2017,41,54,5
04/17/2017,04/23/2017,41,52,7
04/10/2017,04/16/2017,40,54,6
04/03/2017,04/09/2017,40,53,7
03/27/2017,04/02/2017,38,57,5
03/20/2017,03/26/2017,39,56,5
03/13/2017,03/19/2017,40,55,5
03/06/2017,03/12/2017,42,52,6
02/27/2017,03/05/2017,43,51,6
02/20/2017,02/26/2017,42,53,5
02/13/2017,02/19/2017,40,54,6
02/06/2017,02/12/2017,41,53,6
01/30/2017,02/05/2017,43,52,5
01/20/2017,01/29/2017,45,47,8
01/16/2017,01/19/2017,59,37,4
01/09/2017,01/15/2017,57,39,4
01/02/2017,01/08/2017,55,42,3
12/26/2016,01/01/2017,55,40,5
12/19/2016,12/25/2016,56,40,4
12/12/2016,12/18/2016,56,40,4
12/05/2016,12/11/2016,57,40,3
11/28/2016,12/04/2016,54,43,3
11/21/2016,11/27/2016,56,40,4
11/14/2016,11/20/2016,56,41,3
11/07/2016,11/13/2016,57,41,2
10/31/2016,11/06/2016,53,45,2
10/24/2016,10/30/2016,54,44,2
10/17/2016,10/23/2016,55,42,3
10/10/2016,10/16/2016,54,43,3
10/03/2016,10/09/2016,52,45,3
09/26/2016,10/02/2016,53,44,3
09/19/2016,09/25/2016,53,43,4
09/12/2016,09/18/2016,52,44,4
09/05/2016,09/11/2016,51,45,4
08/29/2016,09/04/2016,52,44,4
08/22/2016,08/28/2016,51,45,4
08/15/2016,08/21/2016,51,44,5
08/08/2016,08/14/2016,52,44,4
08/01/2016,08/07/2016,52,45,3
07/25/2016,07/31/2016,53,44,3
07/18/2016,07/24/2016,49,47,4
07/11/2016,07/17/2016,49,46,5
07/04/2016,07/10/2016,51,45,4
06/27/2016,07/03/2016,51,45,4
06/20/2016,06/26/2016,50,46,4
06/13/2016,06/19/2016,53,44,3
06/06/2016,06/12/2016,53,43,4
05/30/2016,06/05/2016,51,44,5
05/23/2016,05/29/2016,52,44,4
05/16/2016,05/22/2016,51,45,4
05/09/2016,05/15/2016,51,45,4
05/02/2016,05/08/2016,52,44,4
04/25/2016,05/01/2016,51,46,3
04/18/2016,04/24/2016,51,45,4
04/11/2016,04/17/2016,48,47,5
04/04/2016,04/10/2016,51,45,4
03/28/2016,04/03/2016,51,45,4
03/21/2016,03/27/2016,53,44,3
03/14/2016,03/20/2016,50,46,4
03/07/2016,03/13/2016,51,45,4
02/29/2016,03/06/2016,50,46,4
02/22/2016,02/28/2016,48,47,5
02/15/2016,02/21/2016,48,48,4
02/08/2016,02/14/2016,48,48,4
02/01/2016,02/07/2016,47,50,3
01/25/2016,01/31/2016,48,48,4
01/18/2016,01/24/2016,48,47,5
01/11/2016,01/17/2016,48,47,5
01/04/2016,01/10/2016,47,49,4
12/28/2015,01/03/2016,45,52,3
12/21/2015,12/27/2015,48,49,3
12/14/2015,12/20/2015,45,51,4
12/07/2015,12/13/2015,45,50,5
11/30/2015,12/06/2015,47,49,4
11/23/2015,11/29/2015,46,49,5
11/16/2015,11/22/2015,44,52,4
11/09/2015,11/15/2015,49,47,4
11/02/2015,11/08/2015,49,48,3
10/26/2015,11/01/2015,47,49,4
10/19/2015,10/25/2015,46,50,4
10/12/2015,10/18/2015,46,50,4
10/05/2015,10/11/2015,46,50,4
09/28/2015,10/04/2015,47,49,4
09/21/2015,09/27/2015,48,49,3
09/14/2015,09/20/2015,46,51,3
09/07/2015,09/13/2015,46,49,5
08/31/2015,09/06/2015,46,50,4
08/24/2015,08/30/2015,46,50,4
08/17/2015,08/23/2015,44,51,5
08/10/2015,08/16/2015,46,49,5
08/03/2015,08/09/2015,46,50,4
07/27/2015,08/02/2015,46,49,5
07/20/2015,07/26/2015,46,50,4
07/13/2015,07/19/2015,46,48,6
07/06/2015,07/12/2015,46,49,5
06/29/2015,07/05/2015,46,49,5
06/22/2015,06/28/2015,47,49,4
06/15/2015,06/21/2015,45,50,5
06/08/2015,06/14/2015,45,49,6
06/01/2015,06/07/2015,46,49,5
05/25/2015,05/31/2015,47,49,4
05/18/2015,05/24/2015,46,49,5
05/11/2015,05/17/2015,47,49,4
05/04/2015,05/10/2015,47,48,5
04/27/2015,05/03/2015,48,48,4
04/20/2015,04/26/2015,45,49,6
04/13/2015,04/19/2015,46,50,4
04/06/2015,04/12/2015,48,48,4
03/30/2015,04/05/2015,47,48,5
03/23/2015,03/29/2015,46,49,5
03/16/2015,03/22/2015,45,50,5
03/09/2015,03/15/2015,47,48,5
03/02/2015,03/08/2015,46,49,5
02/23/2015,03/01/2015,45,50,5
02/16/2015,02/22/2015,46,49,5
02/09/2015,02/15/2015,47,48,5
02/02/2015,02/08/2015,46,49,5
01/26/2015,02/01/2015,47,48,5
01/19/2015,01/25/2015,49,47,4
01/12/2015,01/18/2015,46,49,5
01/05/2015,01/11/2015,46,48,6
12/29/2014,01/04/2015,46,48,6
12/22/2014,12/28/2014,44,50,6
12/15/2014,12/21/2014,45,51,4
12/08/2014,12/14/2014,43,52,5
12/01/2014,12/07/2014,43,52,5
11/24/2014,11/30/2014,43,52,5
11/17/2014,11/23/2014,42,53,5
11/10/2014,11/16/2014,42,52,6
11/03/2014,11/09/2014,40,54,6
10/27/2014,11/02/2014,42,53,5
10/20/2014,10/26/2014,42,53,5
10/13/2014,10/19/2014,41,54,5
10/06/2014,10/12/2014,41,55,4
09/29/2014,10/05/2014,43,53,4
09/22/2014,09/28/2014,42,52,6
09/15/2014,09/21/2014,43,52,5
09/08/2014,09/14/2014,41,54,5
09/01/2014,09/07/2014,40,53,7
08/25/2014,08/31/2014,41,53,6
08/18/2014,08/24/2014,43,51,6
08/11/2014,08/17/2014,41,53,6
08/04/2014,08/10/2014,42,53,5
07/28/2014,08/03/2014,42,54,4
07/21/2014,07/27/2014,41,53,6
07/14/2014,07/20/2014,43,51,6
07/07/2014,07/13/2014,42,53,5
06/30/2014,07/06/2014,43,52,5
06/23/2014,06/29/2014,42,52,6
06/16/2014,06/22/2014,41,55,4
06/09/2014,06/15/2014,42,52,6
06/02/2014,06/08/2014,44,50,6
05/26/2014,06/01/2014,44,51,5
05/19/2014,05/25/2014,43,52,5
05/12/2014,05/18/2014,44,51,5
05/05/2014,05/11/2014,45,50,5
04/28/2014,05/04/2014,44,50,6
04/21/2014,04/27/2014,44,50,6
04/14/2014,04/20/2014,44,50,6
04/07/2014,04/13/2014,43,51,6
03/31/2014,04/06/2014,44,51,5
03/24/2014,03/30/2014,43,52,5
03/17/2014,03/23/2014,44,51,5
03/10/2014,03/16/2014,40,54,6
03/03/2014,03/09/2014,43,53,4
02/24/2014,03/02/2014,42,54,4
02/17/2014,02/23/2014,45,51,4
02/10/2014,02/16/2014,40,53,7
02/03/2014,02/09/2014,41,51,8
01/27/2014,02/02/2014,42,50,8
01/20/2014,01/26/2014,42,50,8
01/13/2014,01/19/2014,40,52,8
01/06/2014,01/12/2014,41,51,8
01/02/2014,01/05/2014,41,53,6
12/23/2013,12/29/2013,43,51,6
12/16/2013,12/22/2013,40,52,8
12/09/2013,12/15/2013,42,50,8
12/02/2013,12/08/2013,41,51,8
11/25/2013,12/01/2013,42,52,6
11/18/2013,11/24/2013,40,53,7
11/11/2013,11/17/2013,41,52,7
11/04/2013,11/10/2013,41,52,7
10/28/2013,11/03/2013,41,52,7
10/21/2013,10/27/2013,43,50,7
10/14/2013,10/20/2013,43,51,6
10/07/2013,10/13/2013,42,52,6
09/30/2013,10/06/2013,44,50,6
09/23/2013,09/29/2013,45,48,7
09/16/2013,09/22/2013,44,47,9
09/09/2013,09/15/2013,45,46,9
09/02/2013,09/08/2013,44,48,8
08/26/2013,09/01/2013,44,48,8
08/19/2013,08/25/2013,46,46,8
08/12/2013,08/18/2013,46,45,9
08/05/2013,08/11/2013,44,48,8
07/29/2013,08/04/2013,45,48,7
07/22/2013,07/28/2013,46,47,7
07/15/2013,07/21/2013,47,46,7
07/08/2013,07/14/2013,46,47,7
07/01/2013,07/07/2013,46,46,8
06/24/2013,06/30/2013,47,45,8
06/17/2013,06/23/2013,46,46,8
06/10/2013,06/16/2013,47,46,7
06/03/2013,06/09/2013,48,45,7
05/27/2013,06/02/2013,48,44,8
05/20/2013,05/26/2013,49,44,7
05/13/2013,05/19/2013,49,44,7
05/06/2013,05/12/2013,49,44,7
04/29/2013,05/05/2013,50,44,6
04/22/2013,04/28/2013,51,42,7
04/15/2013,04/21/2013,50,43,7
04/08/2013,04/14/2013,49,45,6
04/01/2013,04/07/2013,48,45,7
03/25/2013,03/30/2013,48,45,7
03/18/2013,03/24/2013,47,45,8
03/11/2013,03/17/2013,48,46,6
03/04/2013,03/10/2013,49,44,7
02/25/2013,03/03/2013,49,44,7
02/18/2013,02/24/2013,51,42,7
02/11/2013,02/17/2013,51,43,6
02/04/2013,02/10/2013,52,42,6
01/28/2013,02/03/2013,53,42,5
01/21/2013,01/27/2013,52,43,5
01/14/2013,01/20/2013,50,43,7
01/07/2013,01/13/2013,54,41,5
12/31/2012,01/06/2013,53,40,7
12/24/2012,12/30/2012,53,41,6
12/17/2012,12/23/2012,57,37,6
12/10/2012,12/16/2012,52,40,8
12/03/2012,12/09/2012,50,44,6
11/26/2012,12/02/2012,51,42,7
11/19/2012,11/25/2012,52,40,8
11/12/2012,11/18/2012,53,41,6
11/05/2012,11/11/2012,51,43,6
10/29/2012,11/04/2012,52,45,3
10/22/2012,10/28/2012,50,45,5
10/15/2012,10/21/2012,50,45,5
10/08/2012,10/14/2012,50,45,5
10/01/2012,10/07/2012,52,43,5
09/24/2012,09/30/2012,48,45,7
09/17/2012,09/23/2012,49,45,6
09/10/2012,09/16/2012,50,44,6
09/03/2012,09/09/2012,50,44,6
08/27/2012,09/02/2012,44,47,9
08/20/2012,08/26/2012,46,47,7
08/13/2012,08/19/2012,45,49,6
08/06/2012,08/12/2012,45,49,6
07/30/2012,08/05/2012,45,48,7
07/23/2012,07/29/2012,47,47,6
07/16/2012,07/22/2012,45,48,7
07/09/2012,07/15/2012,46,47,7
07/02/2012,07/08/2012,45,46,9
06/25/2012,07/01/2012,47,46,7
06/18/2012,06/24/2012,46,48,6
06/11/2012,06/17/2012,46,48,6
06/04/2012,06/10/2012,47,46,7
05/28/2012,06/03/2012,46,46,8
05/21/2012,05/27/2012,48,46,6
05/14/2012,05/20/2012,47,46,7
05/07/2012,05/13/2012,47,47,6
04/30/2012,05/06/2012,48,46,6
04/23/2012,04/29/2012,48,46,6
04/16/2012,04/22/2012,48,46,6
04/09/2012,04/15/2012,47,46,7
04/02/2012,04/08/2012,47,46,7
03/26/2012,04/01/2012,46,45,9
03/19/2012,03/25/2012,46,45,9
03/12/2012,03/18/2012,46,47,7
03/05/2012,03/11/2012,48,44,8
02/27/2012,03/04/2012,45,48,7
02/20/2012,02/26/2012,45,47,8
02/13/2012,02/19/2012,45,47,8
02/06/2012,02/12/2012,47,47,6
01/30/2012,02/05/2012,46,47,7
01/23/2012,01/29/2012,45,48,7
01/16/2012,01/22/2012,45,46,9
01/09/2012,01/15/2012,45,47,8
01/02/2012,01/08/2012,46,47,7
12/26/2011,01/01/2012,42,49,9
12/19/2011,12/25/2011,45,47,8
12/12/2011,12/18/2011,42,50,8
12/05/2011,12/11/2011,43,50,7
11/28/2011,12/04/2011,42,50,8
11/21/2011,11/27/2011,43,49,8
11/14/2011,11/20/2011,43,49,8
11/07/2011,11/13/2011,43,48,9
10/31/2011,11/06/2011,43,50,7
10/24/2011,10/30/2011,43,49,8
10/17/2011,10/23/2011,41,51,8
10/10/2011,10/16/2011,41,52,7
10/03/2011,10/09/2011,40,53,7
09/26/2011,10/02/2011,41,50,9
09/19/2011,09/25/2011,41,51,8
09/12/2011,09/18/2011,40,52,8
09/05/2011,09/11/2011,43,49,8
08/29/2011,09/04/2011,42,51,7
08/22/2011,08/28/2011,40,53,7
08/15/2011,08/21/2011,40,53,7
08/08/2011,08/14/2011,40,52,8
08/01/2011,08/07/2011,42,50,8
07/25/2011,07/31/2011,42,49,9
07/18/2011,07/24/2011,43,48,9
07/11/2011,07/17/2011,44,48,8
07/04/2011,07/10/2011,46,45,9
06/27/2011,07/03/2011,46,47,7
06/20/2011,06/26/2011,43,49,8
06/13/2011,06/19/2011,47,45,8
06/06/2011,06/12/2011,46,44,10
05/30/2011,06/05/2011,50,42,8
05/23/2011,05/29/2011,49,43,8
05/16/2011,05/22/2011,50,43,7
05/09/2011,05/15/2011,49,43,8
05/02/2011,05/08/2011,51,40,9
04/25/2011,05/01/2011,44,47,9
04/18/2011,04/24/2011,43,48,9
04/11/2011,04/17/2011,43,48,9
04/04/2011,04/10/2011,45,46,9
03/28/2011,04/03/2011,48,44,8
03/21/2011,03/27/2011,45,47,8
03/14/2011,03/20/2011,48,44,8
03/07/2011,03/13/2011,47,45,8
02/28/2011,03/06/2011,46,46,8
02/21/2011,02/27/2011,48,44,8
02/14/2011,02/20/2011,48,43,9
02/07/2011,02/13/2011,48,43,9
01/31/2011,02/06/2011,47,45,8
01/24/2011,01/30/2011,50,42,8
01/17/2011,01/23/2011,50,42,8
01/10/2011,01/16/2011,49,42,9
01/03/2011,01/09/2011,48,45,7
12/27/2010,01/02/2011,48,44,8
12/20/2010,12/26/2010,47,46,7
12/13/2010,12/19/2010,46,46,8
12/06/2010,12/12/2010,45,48,7
11/29/2010,12/05/2010,46,46,8
11/22/2010,11/28/2010,45,47,8
11/15/2010,11/21/2010,46,46,8
11/08/2010,11/14/2010,44,48,8
11/01/2010,11/07/2010,45,47,8
10/25/2010,10/31/2010,45,48,7
10/18/2010,10/24/2010,44,48,8
10/11/2010,10/17/2010,45,47,8
10/04/2010,10/10/2010,46,48,6
09/27/2010,10/03/2010,46,47,7
09/20/2010,09/26/2010,44,48,8
09/13/2010,09/19/2010,46,47,7
09/06/2010,09/12/2010,46,46,8
08/30/2010,09/05/2010,45,47,8
08/23/2010,08/29/2010,43,49,8
08/16/2010,08/22/2010,43,50,7
08/09/2010,08/15/2010,44,48,8
08/02/2010,08/08/2010,45,48,7
07/26/2010,08/01/2010,45,47,8
07/19/2010,07/25/2010,45,47,8
07/12/2010,07/18/2010,46,46,8
07/05/2010,07/11/2010,46,47,7
06/28/2010,07/04/2010,46,45,9
06/21/2010,06/27/2010,45,46,9
06/14/2010,06/20/2010,47,45,8
06/07/2010,06/13/2010,46,46,8
05/31/2010,06/06/2010,47,45,8
05/24/2010,05/30/2010,46,46,8
05/17/2010,05/23/2010,48,45,7
05/10/2010,05/16/2010,49,43,8
05/03/2010,05/09/2010,50,43,7
04/26/2010,05/02/2010,48,45,7
04/19/2010,04/25/2010,50,43,7
04/12/2010,04/18/2010,48,45,7
04/05/2010,04/11/2010,47,46,7
03/29/2010,04/04/2010,49,44,7
03/22/2010,03/28/2010,49,44,7
03/15/2010,03/21/2010,48,45,7
03/08/2010,03/14/2010,48,45,7
03/01/2010,03/07/2010,49,44,7
02/22/2010,02/28/2010,50,43,7
02/15/2010,02/21/2010,49,43,8
02/08/2010,02/14/2010,51,42,7
02/01/2010,02/07/2010,50,43,7
01/25/2010,01/31/2010,48,45,7
01/18/2010,01/24/2010,49,46,5
01/11/2010,01/17/2010,50,43,7
01/04/2010,01/10/2010,51,43,6
12/28/2009,01/03/2010,51,43,6
12/21/2009,12/27/2009,51,43,6
12/14/2009,12/20/2009,50,43,7
12/07/2009,12/13/2009,49,42,9
11/30/2009,12/06/2009,50,44,6
11/23/2009,11/29/2009,50,42,8
11/16/2009,11/22/2009,49,44,7
11/09/2009,11/15/2009,53,39,8
11/02/2009,11/08/2009,52,42,6
10/26/2009,11/01/2009,53,41,6
10/19/2009,10/25/2009,53,39,8
10/12/2009,10/18/2009,52,41,7
10/05/2009,10/11/2009,54,38,8
09/28/2009,10/04/2009,52,40,8
09/21/2009,09/27/2009,51,41,8
09/14/2009,09/20/2009,52,41,7
09/07/2009,09/13/2009,52,41,7
08/31/2009,09/06/2009,53,40,7
08/24/2009,08/30/2009,50,43,7
08/17/2009,08/23/2009,52,41,7
08/10/2009,08/16/2009,54,40,6
08/03/2009,08/09/2009,56,37,7
07/27/2009,08/02/2009,54,39,7
07/20/2009,07/26/2009,56,38,6
07/13/2009,07/19/2009,59,33,8
07/06/2009,07/12/2009,58,34,8
06/29/2009,07/05/2009,60,32,8
06/22/2009,06/28/2009,60,33,7
06/15/2009,06/21/2009,59,34,7
06/08/2009,06/14/2009,61,31,8
06/01/2009,06/07/2009,62,31,7
05/25/2009,05/31/2009,63,30,7
05/18/2009,05/24/2009,64,28,8
05/11/2009,05/17/2009,64,29,7
05/04/2009,05/10/2009,66,27,7
04/27/2009,05/03/2009,65,29,6
04/20/2009,04/26/2009,65,29,6
04/13/2009,04/19/2009,62,29,9
04/06/2009,04/12/2009,61,28,11
03/30/2009,04/05/2009,62,28,10
03/23/2009,03/29/2009,61,29,10
03/16/2009,03/22/2009,63,26,11
03/09/2009,03/15/2009,62,28,10
03/02/2009,03/08/2009,62,27,11
02/23/2009,03/01/2009,64,23,13
02/16/2009,02/22/2009,62,25,13
02/09/2009,02/15/2009,64,22,14
02/02/2009,02/08/2009,65,21,14
01/26/2009,02/01/2009,66,18,16
01/19/2009,01/25/2009,67,13,20
01/09/2009,01/11/2009,34,61,5
12/12/2008,12/14/2008,29,67,4
12/04/2008,12/07/2008,32,61,7
11/13/2008,11/16/2008,29,66,5
11/07/2008,11/09/2008,28,68,4
10/31/2008,11/02/2008,25,70,5
10/23/2008,10/26/2008,31,66,3
10/10/2008,10/12/2008,25,71,4
10/03/2008,10/05/2008,25,70,5
09/26/2008,09/27/2008,27,69,4
09/08/2008,09/11/2008,31,65,4
09/05/2008,09/07/2008,33,64,3
08/21/2008,08/23/2008,29,66,5
08/07/2008,08/10/2008,33,61,6
07/25/2008,07/27/2008,32,65,3
07/10/2008,07/13/2008,31,61,8
06/15/2008,06/19/2008,28,68,4
06/09/2008,06/12/2008,30,64,6
05/30/2008,06/01/2008,28,68,4
05/08/2008,05/11/2008,29,65,6
05/01/2008,05/03/2008,28,67,5
04/18/2008,04/20/2008,28,69,3
04/06/2008,04/09/2008,28,67,5
03/14/2008,03/16/2008,32,64,4
03/06/2008,03/09/2008,32,64,4
02/21/2008,02/24/2008,32,62,6
02/11/2008,02/14/2008,31,65,4
02/08/2008,02/10/2008,33,61,6
01/30/2008,02/02/2008,34,61,5
1/10/2008,1/13/2008,34,60,6
01/04/2008,01/06/2008,32,64,4
12/14/2007,12/16/2007,32,65,3
12/6/2007,12/9/2007,37,57,6
11/30/2007,12/02/2007,34,62,4
11/11/2007,11/14/2007,32,61,7
11/02/2007,11/04/2007,31,64,5
10/12/2007,10/14/2007,32,64,4
10/04/2007,10/07/2007,32,64,4
09/14/2007,09/16/2007,36,62,2
09/07/2007,09/08/2007,33,62,5
08/13/2007,08/16/2007,32,63,5
08/03/2007,08/05/2007,34,62,4
07/12/2007,07/15/2007,31,63,6
07/06/2007,07/08/2007,29,66,5
06/11/2007,06/14/2007,32,65,3
06/01/2007,06/03/2007,32,62,6
05/10/2007,05/13/2007,33,62,5
05/04/2007,05/06/2007,34,63,3
04/13/2007,04/15/2007,36,60,4
04/02/2007,04/05/2007,38,58,4
03/23/2007,03/25/2007,34,62,4
03/11/2007,03/14/2007,35,61,4
03/02/2007,03/04/2007,33,63,4
02/09/2007,02/11/2007,37,59,4
02/01/2007,02/04/2007,32,65,3
1/15/2007,1/18/2007,36,61,3
01/12/2007,1/14/2007,34,63,3
01/05/2007,1/7/2007,37,59,4
12/11/2006,12/14/2006,35,61,4
12/8/2006,12/10/2006,38,59,3
11/09/2006,11/12/2006,37,62,1
11/02/2006,11/05/2006,38,56,6
10/20/2006,10/22/2006,37,58,5
10/09/2006,10/12/2006,37,57,6
10/06/2006,10/08/2006,37,59,4
09/15/2006,09/17/2006,44,51,5
09/07/2006,09/10/2006,39,56,5
08/18/2006,08/20/2006,42,54,4
08/07/2006,08/10/2006,37,59,4
07/28/2006,07/30/2006,40,56,4
07/21/2006,07/23/2006,37,59,4
07/06/2006,07/09/2006,40,55,5
06/23/2006,06/25/2006,37,60,3
06/09/2006,06/11/2006,38,56,6
06/01/2006,06/04/2006,36,57,7
05/08/2006,05/11/2006,33,61,6
05/05/2006,05/07/2006,31,61,8
04/28/2006,04/30/2006,34,65,1
04/10/2006,04/13/2006,36,63,1
04/07/2006,04/09/2006,37,60,3
03/13/2006,03/16/2006,37,59,4
03/10/2006,03/12/2006,36,60,4
02/28/2006,03/01/2006,38,60,2
02/09/2006,02/12/2006,39,56,5
02/06/2006,02/09/2006,42,55,3
1/20/2006,1/22/2006,43,54,3
1/9/2006,1/12/2006,43,53,4
01/06/2006,1/8/2006,43,54,3
12/19/2005,12/22/2005,43,53,4
12/16/2005,12/18/2005,41,56,3
12/9/2005,12/11/2005,42,55,3
12/05/2005,12/8/2005,43,52,5
11/17/2005,11/20/2005,38,57,5
11/11/2005,11/13/2005,37,60,3
11/7/2005,11/10/2005,40,55,5
10/28/2005,10/30/2005,41,56,3
10/21/2005,10/23/2005,42,55,3
10/13/2005,10/16/2005,39,58,3
09/26/2005,09/28/2005,44,50,6
09/16/2005,09/18/2005,40,58,2
09/12/2005,09/15/2005,45,52,3
09/08/2005,09/11/2005,46,51,3
08/28/2005,08/30/2005,45,52,3
08/22/2005,08/25/2005,40,58,2
08/08/2005,08/11/2005,45,51,4
08/05/2005,08/07/2005,45,51,4
07/25/2005,07/28/2005,44,51,5
07/22/2005,07/24/2005,49,48,3
07/07/2005,07/10/2005,49,48,3
06/29/2005,06/30/2005,46,51,3
06/24/2005,06/26/2005,45,53,2
06/16/2005,06/19/2005,47,51,2
06/06/2005,06/08/2005,47,49,4
05/23/2005,05/26/2005,48,47,5
05/20/2005,05/22/2005,46,50,4
05/02/2005,05/05/2005,50,45,5
04/29/2005,05/01/2005,48,49,3
04/18/2005,04/21/2005,48,49,3
04/04/2005,04/07/2005,50,45,5
04/01/2005,04/02/2005,48,48,4
03/21/2005,03/23/2005,45,49,6
03/18/2005,03/20/2005,52,44,4
03/07/2005,03/10/2005,52,44,4
2/25/2005,2/27/2005,52,45,3
02/21/2005,02/24/2005,51,45,4
02/07/2005,2/10/2005,49,48,3
2/4/2005,2/6/2005,57,40,3
1/14/2005,1/16/2005,51,46,3
1/7/2005,1/9/2005,52,44,4
1/3/2005,1/5/2005,52,44,4
12/17/2004,12/19/2004,49,46,5
12/05/2004,12/08/2004,53,44,3
11/19/2004,11/21/2004,55,42,3
11/07/2004,11/10/2004,53,44,3
10/29/2004,10/31/2004,48,47,5
10/22/2004,10/24/2004,51,46,3
10/14/2004,10/16/2004,51,47,2
10/11/2004,10/14/2004,48,49,3
10/09/2004,10/10/2004,47,49,4
10/01/2004,10/03/2004,50,48,2
09/24/2004,09/26/2004,54,44,2
09/13/2004,09/15/2004,52,45,3
09/03/2004,09/05/2004,52,46,2
08/23/2004,08/25/2004,49,47,4
08/09/2004,08/11/2004,51,46,3
07/30/2004,08/01/2004,48,49,3
07/19/2004,07/21/2004,49,47,4
07/08/2004,07/11/2004,47,49,4
06/21/2004,06/23/2004,48,49,3
06/03/2004,06/06/2004,49,49,2
05/21/2004,05/23/2004,47,49,4
05/07/2004,05/09/2004,46,51,3
05/02/2004,05/04/2004,49,48,3
04/16/2004,04/18/2004,52,45,3
04/05/2004,04/08/2004,52,45,3
03/26/2004,03/28/2004,53,44,3
03/08/2004,03/11/2004,50,47,3
03/05/2004,03/07/2004,49,48,3
2/16/2004,2/17/2004,51,46,3
2/9/2004,2/12/2004,51,46,3
2/6/2004,2/8/2004,52,44,4
01/29/2004,02/01/2004,49,48,3
1/12/2004,1/15/2004,53,44,3
1/9/2004,1/11/2004,59,38,3
1/2/2004,1/5/2004,60,35,5
12/15/2003,12/16/2003,63,34,3
12/11/2003,12/14/2003,56,41,3
12/05/2003,12/07/2003,55,43,2
11/14/2003,11/16/2003,50,47,3
11/10/2003,11/12/2003,51,45,4
11/03/2003,11/05/2003,54,43,3
10/24/2003,10/26/2003,53,42,5
10/10/2003,10/12/2003,56,40,4
10/06/2003,10/08/2003,55,42,3
09/19/2003,09/21/2003,50,47,3
09/08/2003,09/10/2003,52,43,5
08/25/2003,08/26/2003,59,37,4
08/04/2003,08/06/2003,60,36,4
07/25/2003,07/27/2003,58,38,4
07/18/2003,07/20/2003,59,38,3
07/07/2003,07/09/2003,62,34,4
06/27/2003,06/29/2003,61,36,3
06/12/2003,06/15/2003,63,33,4
06/09/2003,06/10/2003,62,34,4
05/30/2003,06/01/2003,64,32,4
05/19/2003,05/21/2003,66,30,4
05/05/2003,05/07/2003,69,28,3
04/22/2003,04/23/2003,70,26,4
04/14/2003,04/16/2003,71,24,5
04/07/2003,04/09/2003,69,26,5
04/05/2003,04/06/2003,70,27,3
03/29/2003,03/30/2003,71,26,3
03/24/2003,03/25/2003,69,27,4
03/22/2003,03/23/2003,71,25,4
03/14/2003,03/15/2003,58,38,4
03/03/2003,03/05/2003,57,37,6
02/24/2003,02/26/2003,57,37,6
2/17/2003,2/19/2003,58,37,5
2/7/2003,2/9/2003,61,34,5
02/03/2003,02/06/2003,59,35,6
1/31/2003,2/2/2003,61,35,4
01/23/2003,1/25/2003,60,36,4
1/20/2003,01/22/2003,58,36,6
1/13/2003,1/16/2003,61,34,5
1/10/2003,1/12/2003,58,37,5
01/03/2003,01/05/2003,63,32,5
12/19/2002,12/22/2002,61,32,7
12/16/2002,12/17/2002,63,33,4
12/09/2002,12/10/2002,63,32,5
12/05/2002,12/08/2002,64,29,7
11/22/2002,11/24/2002,65,28,7
11/11/2002,11/14/2002,66,26,8
11/08/2002,11/10/2002,68,27,5
10/31/2002,11/03/2002,63,29,8
10/21/2002,10/22/2002,67,28,5
10/14/2002,10/17/2002,62,31,7
10/03/2002,10/06/2002,67,28,5
09/23/2002,09/26/2002,68,26,6
09/20/2002,09/22/2002,66,30,4
09/13/2002,09/16/2002,70,26,4
09/05/2002,09/08/2002,66,30,4
09/02/2002,09/04/2002,66,29,5
08/19/2002,08/21/2002,65,28,7
08/05/2002,08/08/2002,68,26,6
07/29/2002,07/31/2002,71,23,6
07/26/2002,07/28/2002,69,26,5
07/22/2002,07/24/2002,69,24,7
07/09/2002,07/11/2002,73,21,6
07/05/2002,07/08/2002,76,18,6
06/28/2002,06/30/2002,76,19,5
06/21/2002,06/23/2002,73,21,6
06/17/2002,06/19/2002,74,20,6
06/07/2002,06/08/2002,74,18,8
06/03/2002,06/06/2002,70,23,7
05/28/2002,05/29/2002,77,17,6
05/20/2002,05/22/2002,76,17,7
05/06/2002,05/09/2002,76,19,5
4/29/2002,5/1/2002,77,20,3
04/22/2002,04/24/2002,77,17,6
4/8/2002,4/11/2002,75,20,5
04/05/2002,4/7/2002,76,19,5
03/22/2002,3/24/2002,79,17,4
03/18/2002,03/20/2002,79,16,5
3/8/2002,3/9/2002,80,14,6
3/4/2002,3/7/2002,77,18,5
03/01/2002,03/03/2002,81,14,5
02/08/2002,02/10/2002,82,14,4
02/04/2002,02/06/2002,82,14,4
01/25/2002,01/27/2002,84,13,3
01/11/2002,01/14/2002,83,13,4
01/07/2002,01/09/2002,84,12,4
12/14/2001,12/16/2001,86,11,3
12/06/2001,12/09/2001,86,10,4
11/26/2001,11/27/2001,87,8,5
11/08/2001,11/11/2001,87,9,4
11/02/2001,11/04/2001,87,9,4
10/19/2001,10/21/2001,88,9,3
10/11/2001,10/14/2001,89,8,3
10/05/2001,10/06/2001,87,10,3
09/21/2001,09/22/2001,90,6,4
09/14/2001,09/15/2001,86,10,4
09/07/2001,09/10/2001,51,39,10
08/24/2001,08/26/2001,55,36,9
08/16/2001,08/19/2001,57,34,9
08/10/2001,08/12/2001,57,35,8
08/03/2001,08/05/2001,55,35,10
07/19/2001,07/22/2001,56,33,11
07/10/2001,07/11/2001,57,35,8
06/28/2001,07/01/2001,52,34,14
06/11/2001,06/17/2001,55,33,12
6/8/2001,6/10/2001,55,35,10
5/18/2001,5/20/2001,56,36,8
5/10/2001,5/14/2001,56,31,13
5/7/2001,5/9/2001,53,33,14
4/20/2001,4/22/2001,62,29,9
4/6/2001,4/8/2001,59,30,11
3/26/2001,3/28/2001,53,29,18
3/9/2001,3/11/2001,58,29,13
3/5/2001,3/7/2001,63,22,15
2/19/2001,2/21/2001,62,21,17
2/9/2001,2/11/2001,57,25,18
2/1/2001,2/4/2001,57,25,18
01/10/2001,01/14/2001,66,29,5
01/05/2001,01/07/2001,65,31,4
12/15/2000,12/17/2000,66,32,2
12/02/2000,12/04/2000,60,35,5
11/13/2000,11/15/2000,63,33,4
10/25/2000,10/28/2000,57,38,5
10/06/2000,10/09/2000,58,37,5
09/11/2000,09/13/2000,60,34,6
08/29/2000,09/03/2000,62,35,3
08/18/2000,08/19/2000,62,35,3
08/11/2000,08/12/2000,58,39,3
08/04/2000,08/05/2000,57,40,3
07/25/2000,07/26/2000,57,39,4
07/14/2000,07/16/2000,59,37,4
07/06/2000,07/09/2000,59,36,5
06/22/2000,06/25/2000,55,40,5
06/06/2000,06/07/2000,60,36,4
05/18/2000,05/21/2000,57,37,6
05/04/2000,05/07/2000,57,36,7
04/28/2000,04/30/2000,59,39,2
03/30/2000,04/02/2000,62,34,4
03/17/2000,03/19/2000,56,39,5
03/10/2000,03/12/2000,63,34,3
02/25/2000,02/27/2000,57,39,4
02/14/2000,02/15/2000,62,34,4
02/04/2000,02/06/2000,63,33,4
01/25/2000,01/26/2000,64,32,4
01/17/2000,01/20/2000,62,35,3
01/13/2000,01/16/2000,59,37,4
01/07/2000,01/10/2000,63,35,2
12/20/1999,12/21/1999,57,36,7
12/09/1999,12/12/1999,56,41,3
11/18/1999,11/21/1999,59,36,5
11/04/1999,11/07/1999,58,38,4
10/21/1999,10/24/1999,59,36,5
10/08/1999,10/10/1999,56,39,5
09/23/1999,09/26/1999,59,38,3
09/10/1999,09/14/1999,60,38,2
08/24/1999,08/26/1999,60,35,5
08/16/1999,08/18/1999,59,36,5
08/03/1999,08/04/1999,60,35,5
07/22/1999,07/25/1999,64,31,5
07/16/1999,07/18/1999,58,38,4
07/13/1999,07/14/1999,59,37,4
06/25/1999,06/27/1999,57,41,2
06/11/1999,06/13/1999,60,37,3
06/04/1999,06/05/1999,60,35,5
05/23/1999,05/24/1999,53,42,5
05/07/1999,05/09/1999,60,35,5
04/30/1999,05/02/1999,60,36,4
04/26/1999,04/27/1999,60,35,5
04/13/1999,04/14/1999,60,36,4
04/06/1999,04/07/1999,59,35,6
03/30/1999,03/31/1999,64,32,4
03/19/1999,03/21/1999,64,33,3
03/12/1999,03/14/1999,62,35,3
03/05/1999,03/07/1999,68,28,4
02/26/1999,02/28/1999,66,31,3
02/19/1999,02/21/1999,66,30,4
02/12/1999,02/13/1999,68,30,2
02/04/1999,02/08/1999,65,33,2
01/22/1999,01/24/1999,69,29,2
01/15/1999,01/17/1999,69,29,2
01/08/1999,01/10/1999,67,30,3
12/19/1998,12/20/1998,73,25,2
12/15/1998,12/16/1998,63,33,4
12/12/1998,12/13/1998,64,34,2
12/04/1998,12/06/1998,66,30,4
11/20/1998,11/22/1998,66,30,4
11/13/1998,11/15/1998,66,31,3
10/29/1998,11/01/1998,66,30,4
10/23/1998,10/25/1998,65,32,3
10/09/1998,10/12/1998,65,32,3
10/06/1998,10/07/1998,63,34,3
09/23/1998,09/24/1998,66,31,3
09/14/1998,09/15/1998,63,35,2
09/11/1998,09/12/1998,63,34,3
08/21/1998,08/23/1998,62,35,3
08/10/1998,08/12/1998,65,30,5
08/07/1998,08/08/1998,64,32,4
07/13/1998,07/14/1998,63,31,6
07/07/1998,07/08/1998,61,34,5
06/22/1998,06/23/1998,60,34,6
06/05/1998,06/07/1998,60,34,6
05/08/1998,05/10/1998,64,31,5
04/17/1998,04/19/1998,63,31,6
03/20/1998,03/22/1998,66,28,6
03/06/1998,03/09/1998,63,31,6
02/20/1998,02/22/1998,66,29,5
02/13/1998,02/15/1998,66,30,4
01/30/1998,02/01/1998,69,28,3
01/25/1998,01/26/1998,59,37,4
01/23/1998,01/24/1998,58,36,6
01/16/1998,01/18/1998,60,30,10
01/06/1998,01/07/1998,59,32,9
12/18/1997,12/21/1997,56,36,8
11/21/1997,11/23/1997,61,30,9
11/06/1997,11/09/1997,59,31,10
10/27/1997,10/29/1997,59,32,9
10/03/1997,10/05/1997,55,36,9
09/25/1997,09/28/1997,58,33,9
09/06/1997,09/07/1997,61,28,11
08/22/1997,08/25/1997,60,34,6
08/12/1997,08/13/1997,61,32,7
07/25/1997,07/27/1997,58,34,8
06/26/1997,06/29/1997,55,36,9
05/30/1997,06/01/1997,57,35,8
05/06/1997,05/07/1997,57,35,8
04/18/1997,04/20/1997,54,37,9
03/24/1997,03/26/1997,59,35,6
02/24/1997,02/26/1997,57,33,10
01/30/1997,02/02/1997,60,31,9
01/10/1997,01/13/1997,62,31,7
01/03/1997,01/05/1997,58,35,7
12/09/1996,12/11/1996,58,34,8
11/21/1996,11/24/1996,58,35,7
10/26/1996,10/29/1996,54,36,10
10/02/1996,10/03/1996,57,36,7
10/01/1996,10/02/1996,58,34,8
09/07/1996,09/09/1996,60,31,9
08/30/1996,09/01/1996,60,33,7
08/23/1996,08/25/1996,53,39,8
08/16/1996,08/18/1996,52,39,9
08/05/1996,08/07/1996,57,36,7
07/25/1996,07/28/1996,58,35,7
07/18/1996,07/21/1996,57,35,8
06/27/1996,06/30/1996,52,42,6
06/18/1996,06/19/1996,58,37,5
05/28/1996,05/29/1996,53,38,9
05/09/1996,05/12/1996,55,39,6
04/25/1996,04/28/1996,56,37,7
04/09/1996,04/10/1996,54,40,6
03/15/1996,03/17/1996,52,39,9
03/08/1996,03/10/1996,54,37,9
02/23/1996,02/25/1996,53,40,7
01/26/1996,01/29/1996,52,42,6
01/12/1996,01/15/1996,46,47,7
01/05/1996,01/07/1996,42,49,9
12/15/1995,12/18/1995,51,44,5
11/17/1995,11/18/1995,53,38,9
11/06/1995,11/08/1995,52,41,7
10/19/1995,10/22/1995,49,40,11
10/05/1995,10/07/1995,46,42,12
09/22/1995,09/24/1995,48,44,8
09/14/1995,09/17/1995,44,44,12
08/28/1995,08/30/1995,46,43,11
08/11/1995,08/14/1995,46,44,10
08/04/1995,08/07/1995,46,42,12
07/20/1995,07/23/1995,46,44,10
07/07/1995,07/09/1995,48,42,10
06/05/1995,06/06/1995,47,42,11
05/11/1995,05/14/1995,51,42,7
04/21/1995,04/24/1995,51,39,10
04/17/1995,04/19/1995,46,45,9
04/05/1995,04/06/1995,47,45,8
03/27/1995,03/29/1995,44,47,9
03/17/1995,03/19/1995,46,45,9
02/24/1995,02/26/1995,42,48,10
02/03/1995,02/05/1995,49,44,7
01/16/1995,01/18/1995,47,45,8
12/28/1994,12/30/1994,40,52,8
12/16/1994,12/18/1994,42,53,5
12/02/1994,12/05/1994,42,50,8
11/28/1994,11/29/1994,43,49,8
11/02/1994,11/06/1994,46,46,8
10/22/1994,10/25/1994,48,46,6
10/18/1994,10/19/1994,41,52,7
10/07/1994,10/09/1994,42,52,6
09/23/1994,09/25/1994,43,51,6
09/16/1994,09/18/1994,42,50,8
09/06/1994,09/07/1994,39,54,7
08/15/1994,08/16/1994,39,52,9
08/08/1994,08/09/1994,43,48,9
07/15/1994,07/17/1994,42,49,9
07/01/1994,07/03/1994,43,48,9
06/25/1994,06/28/1994,44,47,9
06/11/1994,06/12/1994,49,44,7
06/03/1994,06/06/1994,46,47,7
05/20/1994,05/22/1994,51,42,7
04/22/1994,04/24/1994,48,44,8
04/16/1994,04/18/1994,51,41,8
03/28/1994,03/30/1994,51,42,7
03/25/1994,03/27/1994,52,41,7
03/11/1994,03/13/1994,50,41,9
03/07/1994,03/08/1994,50,42,8
02/26/1994,02/28/1994,53,41,6
01/28/1994,01/30/1994,58,35,7
01/15/1994,01/17/1994,54,38,8
01/06/1994,01/08/1994,54,38,8
12/17/1993,12/19/1993,54,40,6
12/04/1993,12/06/1993,52,38,10
11/19/1993,11/21/1993,48,43,9
11/15/1993,11/16/1993,50,43,7
11/02/1993,11/04/1993,48,45,7
10/28/1993,10/30/1993,48,45,7
10/13/1993,10/18/1993,47,44,9
10/08/1993,10/10/1993,50,42,8
09/24/1993,09/26/1993,56,36,8
09/13/1993,09/15/1993,46,43,11
09/10/1993,09/12/1993,47,42,11
08/23/1993,08/25/1993,44,47,9
08/08/1993,08/10/1993,44,48,8
07/19/1993,07/21/1993,41,49,10
07/09/1993,07/11/1993,45,48,7
06/29/1993,06/30/1993,46,47,7
06/18/1993,06/21/1993,39,50,11
06/05/1993,06/06/1993,37,49,14
05/21/1993,05/23/1993,44,46,10
05/10/1993,05/12/1993,45,44,11
04/22/1993,04/24/1993,55,37,8
03/29/1993,03/31/1993,52,37,11
03/12/1993,03/14/1993,53,34,13
02/26/1993,02/28/1993,59,29,12
02/12/1993,02/14/1993,51,34,15
01/29/1993,01/31/1993,54,30,16
01/24/1993,01/26/1993,58,20,22
01/08/1993,01/11/1993,56,37,7
12/18/1992,12/20/1992,49,41,10
12/04/1992,12/06/1992,49,47,4
11/20/1992,11/22/1992,43,46,11
10/13/1992,10/15/1992,34,56,10
10/1/1992,10/3/1992,33,58,9
9/17/1992,9/20/1992,36,54,10
09/11/1992,9/15/1992,39,55,6
08/31/1992,09/02/1992,39,54,7
08/21/1992,08/22/1992,40,54,6
08/10/1992,08/12/1992,35,58,7
07/31/1992,08/02/1992,29,60,11
07/24/1992,07/26/1992,32,59,9
06/26/1992,06/30/1992,38,55,7
06/12/1992,06/14/1992,37,55,8
06/04/1992,06/07/1992,37,56,7
05/18/1992,05/20/1992,41,52,7
05/07/1992,05/10/1992,40,53,7
04/20/1992,04/22/1992,42,48,10
04/09/1992,04/12/1992,39,54,7
03/26/1992,03/29/1992,42,51,7
03/20/1992,03/22/1992,41,49,10
03/11/1992,03/12/1992,41,47,12
02/28/1992,03/01/1992,41,53,6
02/19/1992,02/20/1992,39,47,14
02/06/1992,02/09/1992,44,48,8
01/31/1992,02/02/1992,47,48,5
01/16/1992,01/19/1992,46,48,6
01/03/1992,01/06/1992,46,47,7
12/12/1991,12/15/1991,50,41,9
12/05/1991,12/08/1991,52,42,6
11/21/1991,11/24/1991,52,39,9
11/14/1991,11/17/1991,56,36,8
11/07/1991,11/10/1991,56,36,8
10/31/1991,11/03/1991,59,33,8
10/24/1991,10/27/1991,62,29,9
10/17/1991,10/20/1991,66,26,8
10/10/1991,10/13/1991,66,28,6
10/03/1991,10/06/1991,65,27,8
09/26/1991,09/29/1991,66,25,9
09/13/1991,09/15/1991,68,22,10
09/05/1991,09/08/1991,70,21,9
8/29/1991,9/3/1991,69,22,9
8/23/1991,8/25/1991,74,19,7
8/8/1991,8/11/1991,71,22,7
7/25/1991,7/28/1991,71,21,8
07/18/1991,07/21/1991,70,21,9
07/11/1991,07/14/1991,72,21,7
06/27/1991,06/30/1991,72,23,5
06/13/1991,06/16/1991,71,19,10
05/30/1991,06/02/1991,74,17,9
05/23/1991,05/26/1991,76,16,8
05/16/1991,05/19/1991,77,15,8
05/02/1991,05/05/1991,74,19,7
04/25/1991,04/28/1991,76,15,9
04/11/1991,04/14/1991,77,13,10
04/04/1991,04/06/1991,83,12,5
03/28/1991,03/30/1991,82,11,7
03/21/1991,03/24/1991,84,10,6
03/14/1991,03/17/1991,86,9,5
03/07/1991,03/10/1991,87,8,5
02/28/1991,03/03/1991,89,8,3
02/21/1991,02/24/1991,80,13,7
02/14/1991,02/17/1991,80,14,6
02/07/1991,02/10/1991,79,18,3
01/30/1991,02/02/1991,82,15,3
01/23/1991,01/26/1991,83,13,4
01/19/1991,01/22/1991,80,14,6
01/17/1991,01/20/1991,82,12,6
01/11/1991,01/13/1991,64,25,11
01/03/1991,01/06/1991,58,31,11
12/13/1990,12/16/1990,63,30,7
12/06/1990,12/09/1990,58,33,9
11/29/1990,12/02/1990,61,29,10
11/15/1990,11/18/1990,54,33,13
11/08/1990,11/11/1990,58,34,8
11/01/1990,11/04/1990,58,32,10
10/25/1990,10/28/1990,54,36,10
10/18/1990,10/21/1990,53,37,10
10/11/1990,10/14/1990,56,33,11
10/03/1990,10/04/1990,66,25,9
09/27/1990,09/30/1990,67,20,13
09/14/1990,09/16/1990,73,17,10
09/10/1990,09/11/1990,76,16,8
08/30/1990,09/02/1990,74,17,9
08/23/1990,08/26/1990,76,16,8
08/16/1990,08/19/1990,75,16,9
08/09/1990,08/12/1990,74,16,10
07/19/1990,7/22/1990,60,25,15
7/6/1990,7/8/1990,63,24,13
06/15/1990,06/17/1990,69,17,14
06/07/1990,06/10/1990,67,18,15
5/17/1990,05/20/1990,65,20,15
04/19/1990,4/22/1990,67,17,16
4/5/1990,4/8/1990,68,16,16
3/15/1990,3/18/1990,74,15,11
03/08/1990,3/11/1990,68,18,14
2/15/1990,2/18/1990,73,16,11
2/8/1990,2/11/1990,73,16,11
1/4/1990,1/7/1990,80,11,9
12/7/1989,12/10/1989,71,20,9
11/02/1989,11/05/1989,70,17,13
10/05/1989,10/08/1989,68,20,12
09/07/1989,09/10/1989,70,17,13
08/10/1989,08/13/1989,69,19,12
07/06/1989,07/09/1989,66,19,15
06/08/1989,06/11/1989,70,14,16
05/15/1989,05/18/1989,63,18,19
05/04/1989,05/07/1989,56,22,22
04/10/1989,04/16/1989,58,16,26
03/10/1989,03/13/1989,56,16,28
02/28/1989,03/02/1989,63,13,24
01/24/1989,01/26/1989,51,6,43
12/27/1988,12/29/1988,63,29,8
11/11/1988,11/14/1988,57,35,8
10/21/1988,10/24/1988,51,38,11
09/25/1988,10/01/1988,54,37,9
08/19/1988,08/22/1988,53,37,10
07/15/1988,07/18/1988,54,36,10
07/01/1988,07/07/1988,51,35,14
06/24/1988,06/27/1988,48,40,12
6/10/1988,6/13/1988,51,39,10
05/13/1988,5/22/1988,48,43,9
05/02/1988,05/08/1988,50,38,12
4/8/1988,4/11/1988,50,39,11
3/8/1988,3/12/1988,51,37,12
3/4/1988,3/6/1988,50,42,8
01/22/1988,01/25/1988,49,40,11
12/04/1987,12/07/1987,49,41,10
10/23/1987,10/26/1987,51,41,8
08/24/1987,09/02/1987,49,42,9
08/07/1987,08/10/1987,45,41,14
07/10/1987,07/13/1987,49,43,8
06/08/1987,06/14/1987,53,40,7
06/05/1987,06/08/1987,47,44,9
04/10/1987,04/13/1987,48,43,9
03/14/1987,03/18/1987,47,44,9
03/06/1987,03/09/1987,43,46,11
01/16/1987,01/19/1987,48,43,9
12/05/1986,12/08/1986,48,43,9
12/04/1986,12/05/1986,47,44,9
10/24/1986,10/27/1986,63,29,8
09/13/1986,09/17/1986,63,26,11
09/12/1986,09/15/1986,61,25,14
08/08/1986,08/11/1986,61,27,12
07/11/1986,07/14/1986,63,28,9
06/09/1986,06/16/1986,64,26,10
06/06/1986,06/09/1986,61,29,10
05/16/1986,05/19/1986,68,23,9
04/11/1986,04/14/1986,62,29,9
03/04/1986,03/10/1986,63,26,11
01/10/1986,01/13/1986,64,27,9
12/06/1985,12/09/1985,63,29,8
11/11/1985,11/18/1985,65,24,11
11/01/1985,11/04/1985,62,28,10
10/11/1985,10/14/1985,63,29,8
09/13/1985,09/16/1985,60,30,10
08/16/1985,08/19/1985,57,32,11
08/13/1985,08/15/1985,65,26,9
07/12/1985,07/15/1985,63,28,9
6/7/1985,6/10/1985,58,32,10
5/17/1985,5/20/1985,55,37,8
4/12/1985,4/15/1985,52,37,11
3/8/1985,3/11/1985,56,37,7
02/15/1985,02/18/1985,60,31,9
01/25/1985,01/28/1985,64,28,8
01/11/1985,01/14/1985,62,29,9
12/07/1984,12/10/1984,59,32,9
11/30/1984,12/03/1984,62,30,8
11/09/1984,11/12/1984,61,31,8
10/26/1984,10/29/1984,58,33,9
09/28/1984,10/01/1984,54,35,11
09/21/1984,09/24/1984,57,36,7
09/07/1984,09/10/1984,57,36,7
08/10/1984,08/13/1984,54,38,8
07/27/1984,07/30/1984,52,37,11
07/13/1984,07/16/1984,55,35,10
07/06/1984,07/09/1984,54,35,11
06/29/1984,07/02/1984,53,37,10
06/22/1984,06/25/1984,54,36,10
06/06/1984,6/8/1984,55,33,12
5/18/1984,05/21/1984,54,38,8
05/03/1984,5/5/1984,52,37,11
4/6/1984,4/9/1984,54,36,10
03/16/1984,03/19/1984,54,39,7
02/10/1984,02/13/1984,55,36,9
01/27/1984,01/30/1984,55,37,8
01/13/1984,01/16/1984,52,38,10
12/09/1983,12/12/1983,54,38,8
11/18/1983,11/21/1983,53,37,10
10/21/1983,10/24/1983,49,41,10
10/07/1983,10/10/1983,45,44,11
09/16/1983,09/19/1983,47,43,10
09/09/1983,09/12/1983,47,42,11
08/19/1983,08/22/1983,43,46,11
08/12/1983,08/15/1983,43,45,12
08/05/1983,08/08/1983,44,46,10
07/29/1983,08/01/1983,44,42,14
07/22/1983,07/25/1983,42,47,11
06/24/1983,06/27/1983,47,44,9
06/10/1983,06/13/1983,43,45,12
05/20/1983,05/23/1983,46,43,11
05/13/1983,05/16/1983,43,45,12
04/29/1983,05/02/1983,43,46,11
04/15/1983,04/18/1983,41,49,10
03/11/1983,3/14/1983,41,49,10
2/25/1983,2/28/1983,40,50,10
01/28/1983,1/31/1983,35,56,9
01/21/1983,01/24/1983,37,53,10
01/14/1983,01/17/1983,37,54,9
12/10/1982,12/13/1982,41,50,9
11/19/1982,11/22/1982,43,47,10
11/05/1982,11/08/1982,43,47,10
10/15/1982,10/18/1982,42,48,10
09/17/1982,09/20/1982,42,48,10
08/27/1982,08/30/1982,42,46,12
08/13/1982,08/16/1982,41,49,10
07/30/1982,08/02/1982,41,47,12
07/23/1982,07/26/1982,42,46,12
06/25/1982,06/28/1982,44,46,10
06/11/1982,06/14/1982,45,45,10
05/14/1982,05/17/1982,45,44,11
04/30/1982,05/03/1982,44,46,10
04/23/1982,04/26/1982,43,47,10
04/02/1982,04/05/1982,45,46,9
3/12/1982,3/15/1982,46,45,9
2/5/1982,2/8/1982,47,43,10
01/22/1982,01/25/1982,47,42,11
1/8/1982,1/11/1982,49,40,11
12/11/1981,12/14/1981,49,41,10
11/20/1981,11/23/1981,54,37,9
11/13/1981,11/16/1981,49,40,11
10/30/1981,11/02/1981,53,35,12
10/02/1981,10/05/1981,56,35,9
09/18/1981,09/21/1981,52,37,11
08/14/1981,08/17/1981,60,29,11
07/31/1981,08/03/1981,60,28,12
07/24/1981,07/27/1981,56,30,14
07/17/1981,07/20/1981,60,29,11
06/26/1981,06/29/1981,58,30,12
06/19/1981,06/22/1981,59,29,12
06/05/1981,06/08/1981,59,28,13
05/08/1981,05/11/1981,68,21,11
04/10/1981,04/13/1981,67,19,14
4/3/1981,4/6/1981,67,18,15
3/13/1981,3/16/1981,60,24,16
2/13/1981,2/16/1981,55,18,27
1/30/1981,02/02/1981,51,13,36
12/05/1980,12/08/1980,34,55,11
11/21/1980,11/24/1980,31,56,13
09/12/1980,09/15/1980,37,55,8
08/15/1980,08/18/1980,32,55,13
07/11/1980,07/14/1980,33,55,12
06/27/1980,06/30/1980,31,58,11
06/13/1980,06/16/1980,32,56,12
05/30/1980,06/02/1980,38,52,10
05/16/1980,05/19/1980,38,51,11
05/02/1980,05/05/1980,43,47,10
04/11/1980,04/14/1980,39,50,11
03/27/1980,03/30/1980,39,51,10
03/07/1980,03/10/1980,43,45,12
02/29/1980,03/03/1980,52,38,10
02/01/1980,02/04/1980,55,36,9
01/25/1980,01/28/1980,58,32,10
01/05/1980,01/08/1980,56,33,11
12/07/1979,12/10/1979,54,35,11
11/30/1979,12/3/1979,51,37,12
11/16/1979,11/19/1979,38,49,13
11/2/1979,11/5/1979,32,55,13
10/12/1979,10/15/1979,31,55,14
10/05/1979,10/08/1979,29,58,13
09/28/1979,10/01/1979,33,54,13
09/07/1979,09/10/1979,30,55,15
08/17/1979,08/20/1979,32,54,14
08/10/1979,08/13/1979,33,55,12
08/03/1979,08/06/1979,32,53,15
07/13/1979,07/16/1979,29,58,13
06/29/1979,07/02/1979,28,59,13
06/22/1979,06/25/1979,29,57,14
06/01/1979,06/04/1979,29,56,15
05/18/1979,05/21/1979,32,53,15
05/04/1979,05/07/1979,37,49,14
04/06/1979,04/09/1979,40,46,14
03/23/1979,03/31/1979,42,44,14
03/16/1979,03/19/1979,47,39,14
03/02/1979,03/05/1979,39,48,13
02/23/1979,02/26/1979,37,46,17
02/02/1979,02/05/1979,42,42,16
01/19/1979,01/22/1979,43,41,16
01/05/1979,01/08/1979,50,36,14
12/08/1978,12/11/1978,51,34,15
12/01/1978,12/04/1978,50,34,16
11/10/1978,11/13/1978,52,36,12
10/27/1978,10/30/1978,49,36,15
09/22/1978,09/25/1978,48,34,18
09/15/1978,09/18/1978,45,40,15
09/08/1978,09/11/1978,42,42,16
08/18/1978,08/21/1978,43,41,16
08/11/1978,08/14/1978,40,43,17
08/04/1978,08/07/1978,39,44,17
07/21/1978,07/24/1978,39,44,17
07/08/1978,07/10/1978,40,41,19
06/16/1978,06/19/1978,42,42,16
06/02/1978,06/05/1978,44,41,15
05/19/1978,05/22/1978,43,43,14
05/05/1978,05/08/1978,41,43,16
04/28/1978,05/01/1978,41,42,17
04/14/1978,04/17/1978,40,44,16
03/31/1978,04/03/1978,48,39,13
03/10/1978,03/13/1978,50,35,15
03/02/1978,03/05/1978,49,33,18
02/24/1978,02/27/1978,50,33,17
02/11/1978,02/14/1978,47,34,19
01/20/1978,01/23/1978,52,28,20
01/06/1978,01/09/1978,55,27,18
12/09/1977,12/12/1977,57,27,16
11/18/1977,11/21/1977,56,30,14
11/04/1977,11/07/1977,55,30,15
10/28/1977,10/31/1977,51,31,18
10/21/1977,10/24/1977,54,30,16
10/14/1977,10/17/1977,55,29,16
09/30/1977,10/03/1977,59,24,17
09/09/1977,09/12/1977,54,29,17
08/19/1977,08/22/1977,66,16,18
08/05/1977,08/08/1977,60,23,17
07/22/1977,07/25/1977,67,17,16
07/08/1977,07/11/1977,62,22,16
06/17/1977,06/20/1977,63,18,19
06/03/1977,06/06/1977,63,19,18
05/20/1977,05/23/1977,64,19,17
05/06/1977,05/09/1977,66,19,15
04/29/1977,05/02/1977,63,18,19
04/15/1977,04/18/1977,63,18,19
04/01/1977,04/04/1977,67,14,19
03/25/1977,03/28/1977,72,10,18
03/18/1977,03/21/1977,75,9,16
03/04/1977,03/07/1977,70,9,21
02/18/1977,02/21/1977,71,9,20
02/04/1977,02/07/1977,66,8,26
12/10/1976,12/13/1976,53,32,15
06/11/1976,06/14/1976,45,40,15
05/20/1976,05/23/1976,47,38,15
04/09/1976,04/12/1976,48,41,11
03/19/1976,03/22/1976,50,36,14
02/27/1976,03/01/1976,48,38,14
01/30/1976,02/02/1976,46,40,14
01/23/1976,01/26/1976,45,45,10
1/2/1976,1/5/1976,46,42,12
12/12/1975,12/15/1975,39,46,15
12/05/1975,12/08/1975,46,37,17
11/21/1975,11/24/1975,41,46,13
10/31/1975,11/3/1975,44,44,12
10/17/1975,10/20/1975,47,40,13
10/03/1975,10/06/1975,47,37,16
09/12/1975,09/15/1975,45,38,17
08/15/1975,08/18/1975,46,37,17
08/01/1975,08/04/1975,45,37,18
06/27/1975,06/30/1975,52,33,15
05/30/1975,06/02/1975,51,33,16
05/02/1975,05/05/1975,40,43,17
04/18/1975,04/21/1975,39,46,15
04/04/1975,04/07/1975,44,37,19
03/28/1975,03/31/1975,37,43,20
03/07/1975,03/10/1975,38,45,17
02/28/1975,03/02/1975,39,45,16
01/28/1975,02/03/1975,39,43,18
01/10/1975,01/13/1975,37,39,24
12/06/1974,12/09/1974,42,41,17
11/15/1974,11/18/1974,48,32,20
11/08/1974,11/11/1974,47,33,20
10/18/1974,10/21/1974,54,28,18
10/11/1974,10/14/1974,52,29,19
09/27/1974,09/30/1974,50,28,22
09/06/1974,09/09/1974,66,13,21
08/16/1974,08/19/1974,71,3,26
08/02/1974,08/05/1974,24,66,10
07/12/1974,07/15/1974,24,63,13
06/28/1974,07/01/1974,28,58,14
06/21/1974,06/24/1974,26,61,13
05/31/1974,06/03/1974,28,61,11
05/17/1974,05/20/1974,26,61,13
05/10/1974,05/13/1974,25,61,14
05/03/1974,05/06/1974,25,58,17
04/19/1974,04/22/1974,26,60,14
04/12/1974,04/15/1974,25,62,13
03/29/1974,04/01/1974,26,65,9
03/08/1974,03/11/1974,26,62,12
02/22/1974,02/25/1974,25,64,11
02/08/1974,02/11/1974,27,63,10
02/01/1974,02/04/1974,28,59,13
01/18/1974,01/21/1974,26,64,10
01/04/1974,01/07/1974,27,63,10
12/07/1973,12/10/1973,29,60,11
11/30/1973,12/3/1973,31,59,10
11/2/1973,11/5/1973,27,63,10
10/19/1973,10/22/1973,27,60,13
10/05/1973,10/08/1973,30,57,13
09/21/1973,09/24/1973,33,59,8
09/07/1973,09/10/1973,34,56,10
08/17/1973,08/20/1973,36,54,10
08/03/1973,08/06/1973,31,58,11
07/06/1973,07/09/1973,39,49,12
06/22/1973,06/25/1973,44,45,11
06/01/1973,06/04/1973,44,44,12
05/11/1973,05/14/1973,44,45,11
05/04/1973,05/07/1973,45,42,13
04/27/1973,04/29/1973,48,40,12
04/06/1973,04/09/1973,54,36,10
03/30/1973,04/02/1973,57,34,9
02/16/1973,02/19/1973,65,25,10
01/26/1973,01/29/1973,67,25,8
01/12/1973,01/15/1973,51,37,12
12/08/1972,12/11/1972,59,30,11
11/11/1972,11/14/1972,62,28,10
06/23/1972,06/26/1972,56,33,11
06/16/1972,06/19/1972,59,30,11
05/26/1972,05/29/1972,62,30,8
04/28/1972,05/01/1972,54,37,9
03/24/1972,03/27/1972,53,36,11
03/03/1972,03/05/1972,56,32,12
02/04/1972,02/07/1972,52,37,11
1/7/1972,1/10/1972,49,39,12
12/10/1971,12/13/1971,50,37,13
10/29/1971,11/2/1971,49,37,14
10/08/1971,10/11/1971,52,38,10
08/27/1971,08/30/1971,49,38,13
07/15/1971,07/18/1971,50,37,13
06/25/1971,06/28/1971,48,39,13
06/04/1971,06/07/1971,48,37,15
05/14/1971,05/17/1971,50,35,15
04/23/1971,04/26/1971,50,38,12
04/02/1971,04/05/1971,49,38,13
03/11/1971,03/14/1971,50,37,13
02/19/1971,02/22/1971,49,37,14
01/08/1971,01/11/1971,56,33,11
12/03/1970,12/08/1970,52,34,14
11/12/1970,11/17/1970,57,30,13
10/09/1970,10/14/1970,58,27,15
09/25/1970,09/28/1970,51,31,18
09/11/1970,09/14/1970,57,30,13
08/25/1970,09/01/1970,55,31,14
07/31/1970,08/02/1970,55,32,13
07/09/1970,07/14/1970,61,28,11
06/18/1970,06/23/1970,55,31,14
05/21/1970,05/26/1970,59,29,12
04/29/1970,05/03/1970,57,32,11
04/16/1970,04/21/1970,56,31,13
03/18/1970,03/25/1970,54,34,12
02/27/1970,03/02/1970,56,27,17
01/30/1970,02/02/1970,64,24,12
01/15/1970,01/20/1970,63,23,14
01/02/1970,01/05/1970,61,22,17
12/12/1969,12/15/1969,59,23,18
11/12/1969,11/17/1969,67,19,14
10/17/1969,10/22/1969,56,29,15
10/2/1969,10/7/1969,57,24,19
9/17/1969,9/22/1969,58,23,19
09/11/1969,09/16/1969,60,24,16
08/14/1969,08/19/1969,62,20,18
07/24/1969,07/29/1969,65,17,18
07/10/1969,07/15/1969,58,22,20
06/19/1969,06/24/1969,63,16,21
05/22/1969,05/27/1969,62,15,23
05/15/1969,05/20/1969,65,12,23
05/01/1969,05/06/1969,62,15,23
04/10/1969,04/15/1969,61,12,27
03/27/1969,04/01/1969,63,10,27
03/12/1969,03/17/1969,65,9,26
02/20/1969,02/25/1969,60,6,34
01/23/1969,01/28/1969,59,5,36
01/01/1969,01/06/1969,49,37,14
12/05/1968,12/10/1968,44,43,13
11/09/1968,11/14/1968,43,44,13
09/19/1968,09/24/1968,42,51,7
08/07/1968,08/12/1968,35,52,13
07/18/1968,07/23/1968,40,47,13
06/26/1968,07/01/1968,40,47,13
06/13/1968,06/18/1968,42,45,13
05/23/1968,05/23/1968,41,45,14
05/02/1968,05/07/1968,46,43,11
04/04/1968,04/09/1968,50,38,12
03/10/1968,03/15/1968,36,52,12
02/22/1968,02/27/1968,41,48,11
02/02/1968,02/07/1968,41,47,12
01/04/1968,1/9/1968,48,39,13
12/7/1967,12/12/1967,46,41,13
11/16/1967,11/21/1967,42,46,12
10/27/1967,11/1/1967,41,49,10
10/06/1967,10/11/1967,38,50,12
09/14/1967,09/19/1967,38,48,14
08/24/1967,08/29/1967,39,48,13
08/03/1967,08/08/1967,40,48,12
07/13/1967,07/18/1967,47,39,14
06/22/1967,06/27/1967,51,35,14
06/02/1967,06/07/1967,44,40,16
05/11/1967,05/16/1967,45,39,16
04/19/1967,04/24/1967,48,37,15
03/30/1967,04/04/1967,46,38,16
03/09/1967,03/14/1967,45,41,14
02/16/1967,02/21/1967,45,42,13
01/26/1967,01/31/1967,46,37,17
01/07/1967,1/12/1967,47,37,16
12/8/1966,12/13/1966,44,47,9
11/10/1966,11/15/1966,49,35,16
10/21/1966,10/26/1966,44,41,15
10/01/1966,10/06/1966,44,42,14
09/08/1966,09/13/1966,46,39,15
08/18/1966,08/23/1966,47,39,14
07/29/1966,08/03/1966,51,38,11
07/08/1966,07/13/1966,56,30,14
06/16/1966,06/21/1966,48,39,13
05/19/1966,05/24/1966,50,33,17
05/05/1966,05/10/1966,46,34,20
04/14/1966,04/19/1966,54,33,13
03/24/1966,03/29/1966,57,28,15
03/03/1966,03/08/1966,58,28,14
2/10/1966,02/15/1966,56,34,10
1/21/1966,1/26/1966,61,27,12
12/31/1965,1/5/1966,59,24,17
12/11/1965,12/16/1965,63,26,11
11/18/1965,11/23/1965,62,22,16
10/29/1965,11/02/1965,65,22,13
10/08/1965,10/13/1965,66,21,13
09/16/1965,09/21/1965,63,24,13
08/27/1965,09/01/1965,64,25,11
08/05/1965,08/10/1965,65,22,13
07/16/1965,07/21/1965,65,20,15
06/24/1965,06/29/1965,65,21,14
06/04/1965,06/09/1965,69,19,12
05/13/1965,05/18/1965,70,18,12
04/23/1965,04/28/1965,64,22,14
04/02/1965,04/07/1965,67,22,11
03/18/1965,03/23/1965,69,21,10
03/11/1965,03/16/1965,68,18,14
2/19/1965,2/24/1965,68,18,14
01/28/1965,02/02/1965,70,15,15
01/07/1965,01/12/1965,71,15,14
12/11/1964,12/16/1964,69,18,13
11/20/1964,11/25/1964,70,19,11
06/25/1964,06/30/1964,74,15,11
06/11/1964,06/16/1964,74,14,12
06/04/1964,06/09/1964,74,12,14
05/22/1964,05/27/1964,74,13,13
05/06/1964,05/11/1964,75,10,15
04/24/1964,04/29/1964,75,11,14
03/27/1964,04/01/1964,75,12,13
03/13/1964,03/18/1964,77,9,14
2/28/1964,3/4/1964,79,9,12
02/13/1964,2/18/1964,73,9,18
1/30/1964,2/5/1964,76,8,16
1/2/1964,1/7/1964,77,5,18
12/12/1963,12/17/1963,74,4,22
12/5/1963,12/10/1963,78,2,20
11/08/1963,11/13/1963,58,30,12
10/11/1963,10/16/1963,58,29,13
09/12/1963,09/17/1963,56,29,15
08/15/1963,08/20/1963,62,26,12
07/18/1963,07/23/1963,61,27,12
06/21/1963,06/26/1963,61,26,13
05/23/1963,05/28/1963,64,24,12
05/08/1963,05/13/1963,65,23,12
05/02/1963,05/07/1963,64,25,11
04/04/1963,04/09/1963,66,21,13
03/08/1963,03/12/1963,67,20,13
02/07/1963,02/12/1963,70,18,12
1/11/1963,1/16/1963,74,14,12
12/13/1962,12/18/1962,76,13,11
11/16/1962,11/21/1962,74,14,12
10/19/1962,10/24/1962,61,25,14
09/20/1962,09/25/1962,63,22,15
08/23/1962,08/28/1962,67,20,13
07/26/1962,07/31/1962,66,23,11
06/28/1962,07/03/1962,69,19,12
05/31/1962,06/05/1962,71,19,10
05/03/1962,05/08/1962,74,16,10
04/06/1962,04/11/1962,77,13,10
03/08/1962,03/13/1962,79,12,9
02/08/1962,02/13/1962,78,11,11
01/11/1962,01/16/1962,79,10,11
12/7/1961,12/12/1961,77,11,12
11/17/1961,11/22/1961,79,9,12
10/19/1961,10/24/1961,77,12,11
09/21/1961,09/26/1961,79,10,11
08/24/1961,08/29/1961,76,12,12
07/27/1961,08/02/1961,75,12,13
06/23/1961,06/28/1961,72,14,14
05/28/1961,06/02/1961,74,11,15
05/17/1961,05/22/1961,75,10,15
05/04/1961,05/09/1961,77,9,14
04/28/1961,05/03/1961,82,5,13
04/06/1961,04/11/1961,78,6,16
03/10/1961,03/15/1961,73,7,20
2/10/1961,2/15/1961,72,6,22
12/08/1960,12/13/1960,59,28,13
11/17/1960,11/22/1960,59,26,15
10/18/1960,10/23/1960,58,31,11
9/28/1960,10/2/1960,65,26,9
09/09/1960,09/14/1960,58,28,14
08/25/1960,08/30/1960,61,28,11
08/11/1960,08/16/1960,63,24,13
07/30/1960,08/04/1960,63,26,11
07/16/1960,07/21/1960,49,33,18
06/30/1960,07/05/1960,57,27,16
06/16/1960,06/21/1960,61,24,15
05/26/1960,05/31/1960,65,22,13
04/28/1960,05/03/1960,62,22,16
03/30/1960,04/04/1960,65,22,13
03/02/1960,03/07/1960,64,22,14
02/04/1960,02/09/1960,64,22,14
01/06/1960,01/11/1960,66,19,15
12/10/1959,12/15/1959,77,15,8
12/3/1959,12/8/1959,67,18,15
11/12/1959,11/17/1959,65,21,14
10/16/1959,10/21/1959,67,19,14
9/18/1959,9/23/1959,66,20,14
08/20/1959,08/25/1959,67,20,13
07/23/1959,07/28/1959,61,26,13
06/25/1959,06/30/1959,62,23,15
05/29/1959,06/03/1959,64,21,15
04/29/1959,05/04/1959,60,24,16
04/02/1959,04/07/1959,62,23,15
03/04/1959,03/09/1959,58,26,16
02/04/1959,02/09/1959,59,26,15
01/07/1959,01/12/1959,57,27,16
12/03/1958,12/08/1958,57,32,11
11/07/1958,11/12/1958,52,30,18
10/15/1958,10/20/1958,57,27,16
09/24/1958,09/29/1958,54,28,18
09/10/1958,09/15/1958,57,29,14
08/20/1958,08/25/1958,56,27,17
07/30/1958,08/04/1958,58,27,15
07/10/1958,07/15/1958,52,32,16
05/28/1958,06/02/1958,54,31,15
05/07/1958,05/12/1958,53,32,15
04/16/1958,04/21/1958,54,31,15
03/27/1958,04/01/1958,48,36,16
03/06/1958,03/11/1958,51,33,16
02/14/1958,02/19/1958,54,33,13
01/24/1958,01/29/1958,58,27,15
1/2/1958,1/7/1958,60,30,10
11/07/1957,11/12/1957,58,27,15
10/10/1957,10/15/1957,57,27,16
09/19/1957,09/24/1957,59,26,15
08/29/1957,09/04/1957,59,23,18
08/08/1957,08/13/1957,63,20,17
07/18/1957,07/23/1957,65,22,13
06/27/1957,07/02/1957,63,23,14
06/06/1957,06/11/1957,64,22,14
05/17/1957,05/22/1957,62,23,15
04/25/1957,04/30/1957,64,23,13
04/06/1957,04/11/1957,67,21,12
03/15/1957,03/20/1957,65,20,15
02/28/1957,03/05/1957,72,17,11
02/07/1957,02/12/1957,72,16,12
1/17/1957,1/22/1957,73,14,13
12/14/1956,12/19/1956,79,11,10
11/22/1956,11/27/1956,75,15,10
08/03/1956,08/08/1956,68,19,13
07/12/1956,07/17/1956,70,20,10
06/15/1956,06/20/1956,73,18,9
05/31/1956,06/05/1956,71,19,10
05/10/1956,05/15/1956,69,17,14
04/19/1956,04/24/1956,69,19,12
03/29/1956,04/03/1956,73,17,10
03/08/1956,03/13/1956,72,18,10
02/16/1956,02/21/1956,75,15,10
01/26/1956,01/31/1956,77,14,9
1/6/1956,1/11/1956,76,12,12
12/08/1955,12/13/1955,75,13,12
11/17/1955,11/22/1955,78,13,9
09/15/1955,09/20/1955,71,16,13
08/25/1955,08/30/1955,71,16,13
08/04/1955,08/09/1955,76,11,13
07/14/1955,07/19/1955,72,18,10
06/24/1955,06/29/1955,67,15,18
06/03/1955,06/08/1955,70,16,14
05/12/1955,05/17/1955,68,16,16
04/14/1955,04/19/1955,70,14,16
03/24/1955,03/29/1955,66,21,13
03/03/1955,03/08/1955,71,17,12
2/10/1955,02/15/1955,73,15,12
1/20/1955,1/25/1955,70,17,13
12/31/1954,1/5/1955,70,18,12
12/2/1954,12/7/1954,69,23,8
11/11/1954,11/16/1954,57,23,20
10/15/1954,10/20/1954,61,26,13
09/16/1954,09/21/1954,66,21,13
08/26/1954,08/31/1954,63,24,13
08/05/1954,08/10/1954,67,19,14
07/16/1954,07/21/1954,75,20,5
07/02/1954,07/07/1954,65,21,14
06/12/1954,06/17/1954,62,24,14
05/21/1954,05/26/1954,61,24,15
05/02/1954,05/07/1954,60,22,18
04/08/1954,04/13/1954,68,21,11
03/19/1954,03/24/1954,66,22,12
02/25/1954,03/02/1954,67,21,12
01/28/1954,02/02/1954,70,17,13
01/09/1954,01/14/1954,71,19,10
12/11/1953,12/16/1953,69,22,9
11/19/1953,11/24/1953,59,25,16
11/01/1953,11/05/1953,61,26,13
10/09/1953,10/14/1953,65,19,16
09/12/1953,09/17/1953,61,20,19
08/15/1953,08/20/1953,74,14,12
07/25/1953,07/30/1953,73,13,14
07/04/1953,07/09/1953,69,15,16
05/09/1953,05/14/1953,74,10,16
4/19/1953,4/24/1953,73,10,17
3/28/1953,4/2/1953,74,8,18
2/22/1953,2/27/1953,67,8,25
2/1/1953,2/5/1953,68,7,25
12/11/1952,12/16/1952,32,56,12
10/9/1952,10/14/1952,32,55,13
10/5/1952,10/10/1952,31,57,12
10/3/1952,10/8/1952,33,55,12
7/13/1952,7/18/1952,29,59,12
6/15/1952,6/20/1952,32,58,10
5/30/1952,6/4/1952,31,59,10
5/11/1952,5/16/1952,27,60,13
4/13/1952,4/18/1952,28,59,13
2/9/1952,2/14/1952,22,64,14
1/20/1952,1/25/1952,25,62,13
1/6/1952,1/11/1952,23,67,10
11/11/1951,11/16/1951,23,61,16
10/14/1951,10/19/1951,29,55,16
9/21/1951,9/26/1951,32,54,14
8/3/1951,8/8/1951,31,57,12
7/8/1951,7/13/1951,29,54,17
6/16/1951,6/21/1951,25,59,16
5/19/1951,5/24/1951,24,63,13
4/16/1951,4/21/1951,24,54,22
3/26/1951,3/31/1951,28,57,15
3/4/1951,3/9/1951,27,59,14
2/4/1951,2/9/1951,26,60,14
1/1/1951,1/5/1951,36,49,15
12/3/1950,12/8/1950,33,53,14
10/22/1950,10/27/1950,39,46,15
10/20/1950,10/25/1950,41,46,13
10/8/1950,10/13/1950,43,36,21
10/1/1950,10/6/1950,35,50,15
9/17/1950,9/22/1950,35,47,18
8/20/1950,8/25/1950,43,32,25
7/30/1950,8/4/1950,39,45,16
7/9/1950,7/14/1950,46,40,14
6/4/1950,6/9/1950,37,47,16
5/4/1950,5/9/1950,41,38,21
2/26/1950,3/3/1950,37,44,19
1/8/1950,1/13/1950,45,40,15
9/28/1949,10/2/1949,50,35,15
9/25/1949,9/30/1949,51,31,18
9/3/1949,9/8/1949,45,38,17
6/11/1949,6/17/1949,57,27,16
5/2/1949,5/8/1949,51,32,17
3/6/1949,3/11/1949,57,24,19
1/7/1949,1/12/1949,69,17,14
6/18/1948,6/24/1948,40,44,16
5/28/1948,6/2/1948,39,47,14
4/9/1948,4/14/1948,36,50,14
1/2/1948,1/7/1948,53,32,15
11/28/1947,12/2/1947,54,33,13
9/12/1947,9/17/1947,55,29,16
7/4/1947,7/9/1947,61,28,11
6/20/1947,6/25/1947,55,31,14
5/23/1947,5/28/1947,65,24,11
4/25/1947,4/30/1947,57,25,18
3/28/1947,4/2/1947,63,21,16
3/14/1947,3/19/1947,60,23,17
1/17/1947,1/22/1947,48,39,13
12/13/1946,12/18/1946,35,47,18
11/15/1946,11/21/1946,34,53,13
9/13/1946,9/18/1946,33,52,15
6/14/1946,6/19/1946,43,45,12
6/1/1946,6/6/1946,45,42,13
3/29/1946,4/3/1946,51,33,16
2/28/1946,3/5/1946,49,38,13
1/5/1946,1/10/1946,63,22,15
11/2/1945,11/7/1945,75,14,11
10/5/1945,10/10/1945,82,9,9
6/1/1945,6/5/1945,87,3,10